player_id,player_name,season,team,position,games,salary,is_demo,passing_yards,passing_tds,interceptions,rushing_yards,rushing_tds,receptions,receiving_yards,receiving_tds
demo-QB-01,Demo QB 01,2024,BUF,QB,15,1180000,true,1812,12,14,153,1,0,0,0
demo-QB-02,Demo QB 02,2024,DAL,QB,16,26850000,true,1903,13,14,161,1,0,0,0
demo-QB-03,Demo QB 03,2024,KC,QB,6,15680000,true,1338,9,3,113,1,0,0,0
demo-QB-04,Demo QB 04,2024,PHI,QB,8,10230000,true,1173,8,12,99,1,0,0,0
demo-QB-05,Demo QB 05,2024,SF,QB,8,40780000,true,1999,13,14,169,1,0,0,0
demo-QB-06,Demo QB 06,2024,BAL,QB,8,40690000,true,1543,10,7,130,1,0,0,0
demo-QB-07,Demo QB 07,2024,BUF,QB,5,49430000,true,1295,9,5,109,1,0,0,0
demo-QB-08,Demo QB 08,2024,DAL,QB,10,1370000,true,1563,10,6,132,1,0,0,0
demo-QB-09,Demo QB 09,2024,KC,QB,6,38790000,true,1069,7,8,90,0,0,0,0
demo-QB-10,Demo QB 10,2024,PHI,QB,14,30170000,true,2149,14,3,182,1,0,0,0
demo-QB-11,Demo QB 11,2024,SF,QB,13,16470000,true,1608,11,17,136,1,0,0,0
demo-QB-12,Demo QB 12,2024,BAL,QB,13,28170000,true,2075,14,13,176,1,0,0,0
demo-RB-01,Demo RB 01,2024,BUF,RB,10,880000,true,0,0,0,634,4,26,213,4
demo-RB-02,Demo RB 02,2024,DAL,RB,8,14760000,true,0,0,0,603,4,25,203,3
demo-RB-03,Demo RB 03,2024,KC,RB,8,8740000,true,0,0,0,649,4,27,218,4
demo-RB-04,Demo RB 04,2024,PHI,RB,12,7060000,true,0,0,0,804,5,33,270,5
demo-RB-05,Demo RB 05,2024,SF,RB,10,7460000,true,0,0,0,497,3,20,167,3
demo-RB-06,Demo RB 06,2024,BAL,RB,16,12530000,true,0,0,0,1368,10,57,460,8
demo-RB-07,Demo RB 07,2024,BUF,RB,14,8710000,true,0,0,0,937,6,39,315,5
demo-RB-08,Demo RB 08,2024,DAL,RB,8,2480000,true,0,0,0,303,2,12,102,1
demo-RB-09,Demo RB 09,2024,KC,RB,15,5920000,true,0,0,0,1053,7,44,354,6
demo-RB-10,Demo RB 10,2024,PHI,RB,10,13170000,true,0,0,0,797,5,33,268,5
demo-RB-11,Demo RB 11,2024,SF,RB,8,13290000,true,0,0,0,627,4,26,211,3
demo-RB-12,Demo RB 12,2024,BAL,RB,11,3690000,true,0,0,0,488,3,20,164,3
demo-WR-01,Demo WR 01,2024,BUF,WR,14,1910000,true,0,0,0,36,1,78,1024,7
demo-WR-02,Demo WR 02,2024,DAL,WR,11,29550000,true,0,0,0,28,0,61,810,5
demo-WR-03,Demo WR 03,2024,KC,WR,7,9600000,true,0,0,0,9,0,21,276,1
demo-WR-04,Demo WR 04,2024,PHI,WR,13,24200000,true,0,0,0,25,0,54,710,5
demo-WR-05,Demo WR 05,2024,SF,WR,11,22590000,true,0,0,0,28,0,62,818,5
demo-WR-06,Demo WR 06,2024,BAL,WR,8,15920000,true,0,0,0,22,0,48,638,4
demo-WR-07,Demo WR 07,2024,BUF,WR,12,4890000,true,0,0,0,12,0,27,360,2
demo-WR-08,Demo WR 08,2024,DAL,WR,6,1960000,true,0,0,0,7,0,15,200,1
demo-WR-09,Demo WR 09,2024,KC,WR,14,8450000,true,0,0,0,14,0,30,398,2
demo-WR-10,Demo WR 10,2024,PHI,WR,12,28810000,true,0,0,0,22,0,49,649,4
demo-WR-11,Demo WR 11,2024,SF,WR,5,11850000,true,0,0,0,11,0,23,312,2
demo-WR-12,Demo WR 12,2024,BAL,WR,13,29930000,true,0,0,0,30,1,65,861,6
demo-TE-01,Demo TE 01,2024,BUF,TE,10,1570000,true,0,0,0,10,0,23,311,2
demo-TE-02,Demo TE 02,2024,DAL,TE,16,9690000,true,0,0,0,41,1,89,1170,8
demo-TE-03,Demo TE 03,2024,KC,TE,13,12340000,true,0,0,0,30,1,66,869,6
demo-TE-04,Demo TE 04,2024,PHI,TE,6,10200000,true,0,0,0,15,0,33,437,3
demo-TE-05,Demo TE 05,2024,SF,TE,15,6290000,true,0,0,0,28,0,60,793,5
demo-TE-06,Demo TE 06,2024,BAL,TE,10,12790000,true,0,0,0,23,0,51,669,4
demo-TE-07,Demo TE 07,2024,BUF,TE,17,20580000,true,0,0,0,45,1,98,1287,9
demo-TE-08,Demo TE 08,2024,DAL,TE,14,2380000,true,0,0,0,21,0,45,599,4
demo-TE-09,Demo TE 09,2024,KC,TE,17,3720000,true,0,0,0,25,0,54,712,5
demo-TE-10,Demo TE 10,2024,PHI,TE,14,7300000,true,0,0,0,38,1,82,1079,7
demo-TE-11,Demo TE 11,2024,SF,TE,12,19870000,true,0,0,0,29,0,64,838,5
demo-TE-12,Demo TE 12,2024,BAL,TE,13,6970000,true,0,0,0,30,1,66,872,6
demo-QB-01,Demo QB 01,2025,BUF,QB,12,2280000,true,3590,25,5,304,3,0,0,0
demo-QB-02,Demo QB 02,2025,DAL,QB,11,49130000,true,3332,23,17,282,3,0,0,0
demo-QB-03,Demo QB 03,2025,KC,QB,16,29600000,true,3909,27,14,331,3,0,0,0
demo-QB-04,Demo QB 04,2025,PHI,QB,15,53560000,true,3537,24,10,300,3,0,0,0
demo-QB-05,Demo QB 05,2025,SF,QB,12,9400000,true,1474,10,6,125,1,0,0,0
demo-QB-06,Demo QB 06,2025,BAL,QB,5,38080000,true,1113,7,6,94,1,0,0,0
demo-QB-07,Demo QB 07,2025,BUF,QB,5,8480000,true,561,3,13,47,0,0,0,0
demo-QB-08,Demo QB 08,2025,DAL,QB,6,1670000,true,1742,12,16,147,1,0,0,0
demo-QB-09,Demo QB 09,2025,KC,QB,9,38900000,true,2159,15,6,183,1,0,0,0
demo-QB-10,Demo QB 10,2025,PHI,QB,16,50100000,true,4749,33,12,402,4,0,0,0
demo-QB-11,Demo QB 11,2025,SF,QB,8,36590000,true,2116,14,15,179,1,0,0,0
demo-QB-12,Demo QB 12,2025,BAL,QB,6,15170000,true,706,4,9,59,0,0,0,0
demo-RB-01,Demo RB 01,2025,BUF,RB,11,1940000,true,0,0,0,623,4,26,209,3
demo-RB-02,Demo RB 02,2025,DAL,RB,15,3770000,true,0,0,0,509,3,21,171,3
demo-RB-03,Demo RB 03,2025,KC,RB,10,5260000,true,0,0,0,771,5,32,259,4
demo-RB-04,Demo RB 04,2025,PHI,RB,8,4660000,true,0,0,0,317,2,13,106,2
demo-RB-05,Demo RB 05,2025,SF,RB,11,4690000,true,0,0,0,431,3,18,145,2
demo-RB-06,Demo RB 06,2025,BAL,RB,6,9800000,true,0,0,0,331,2,13,111,2
demo-RB-07,Demo RB 07,2025,BUF,RB,13,5000000,true,0,0,0,441,3,18,148,2
demo-RB-08,Demo RB 08,2025,DAL,RB,13,2370000,true,0,0,0,1031,7,43,347,6
demo-RB-09,Demo RB 09,2025,KC,RB,8,4690000,true,0,0,0,305,2,12,102,1
demo-RB-10,Demo RB 10,2025,PHI,RB,8,14880000,true,0,0,0,648,4,27,218,4
demo-RB-11,Demo RB 11,2025,SF,RB,7,10020000,true,0,0,0,358,2,15,120,2
demo-RB-12,Demo RB 12,2025,BAL,RB,9,14130000,true,0,0,0,764,5,32,257,4
demo-WR-01,Demo WR 01,2025,BUF,WR,9,2490000,true,0,0,0,15,0,33,434,3
demo-WR-02,Demo WR 02,2025,DAL,WR,13,20800000,true,0,0,0,28,0,61,798,5
demo-WR-03,Demo WR 03,2025,KC,WR,8,21960000,true,0,0,0,11,0,25,330,2
demo-WR-04,Demo WR 04,2025,PHI,WR,14,11020000,true,0,0,0,32,1,70,916,6
demo-WR-05,Demo WR 05,2025,SF,WR,10,10630000,true,0,0,0,9,0,21,281,1
demo-WR-06,Demo WR 06,2025,BAL,WR,13,26940000,true,0,0,0,34,1,75,982,6
demo-WR-07,Demo WR 07,2025,BUF,WR,5,13700000,true,0,0,0,13,0,29,389,2
demo-WR-08,Demo WR 08,2025,DAL,WR,7,2270000,true,0,0,0,7,0,15,201,1
demo-WR-09,Demo WR 09,2025,KC,WR,11,15800000,true,0,0,0,12,0,26,347,2
demo-WR-10,Demo WR 10,2025,PHI,WR,8,9090000,true,0,0,0,16,0,34,454,3
demo-WR-11,Demo WR 11,2025,SF,WR,6,18140000,true,0,0,0,10,0,22,288,2
demo-WR-12,Demo WR 12,2025,BAL,WR,13,10530000,true,0,0,0,19,0,42,551,3
demo-TE-01,Demo TE 01,2025,BUF,TE,15,1470000,true,0,0,0,34,1,73,965,6
demo-TE-02,Demo TE 02,2025,DAL,TE,15,10510000,true,0,0,0,32,1,69,907,6
demo-TE-03,Demo TE 03,2025,KC,TE,17,6000000,true,0,0,0,45,1,99,1299,9
demo-TE-04,Demo TE 04,2025,PHI,TE,14,23030000,true,0,0,0,39,1,85,1118,7
demo-TE-05,Demo TE 05,2025,SF,TE,6,10040000,true,0,0,0,11,0,25,327,2
demo-TE-06,Demo TE 06,2025,BAL,TE,7,20130000,true,0,0,0,18,0,40,534,3
demo-TE-07,Demo TE 07,2025,BUF,TE,8,4990000,true,0,0,0,12,0,27,362,2
demo-TE-08,Demo TE 08,2025,DAL,TE,13,2480000,true,0,0,0,29,0,63,828,5
demo-TE-09,Demo TE 09,2025,KC,TE,15,11810000,true,0,0,0,28,0,62,811,5
demo-TE-10,Demo TE 10,2025,PHI,TE,13,9020000,true,0,0,0,19,0,41,539,3
demo-TE-11,Demo TE 11,2025,SF,TE,7,10500000,true,0,0,0,9,0,21,276,1
demo-TE-12,Demo TE 12,2025,BAL,TE,16,7450000,true,0,0,0,31,1,67,886,6
